id,max_,mean_,median_,min_,std_,wealth
1.0,6.0,0.06,0.0,0.0,0.5969924622639721,-0.531405
2.0,0.0,0.0,0.0,0.0,0.0,-0.40983
3.0,0.0,0.0,0.0,0.0,0.0,-0.47811499999999996
4.0,0.0,0.0,0.0,0.0,0.0,-0.43596
5.0,0.0,0.0,0.0,0.0,0.0,-0.44948
6.0,26.0,6.08,6.0,0.0,6.837660418593485,-0.11265
7.0,0.0,0.0,0.0,0.0,0.0,-0.39962
8.0,0.0,0.0,0.0,0.0,0.0,-0.19558
9.0,62.0,36.67,36.0,7.0,18.668719827561826,2.39554
10.0,0.0,0.0,0.0,0.0,0.0,0.05646
11.0,0.0,0.0,0.0,0.0,0.0,-0.233975
12.0,0.0,0.0,0.0,0.0,0.0,-0.45845
13.0,0.0,0.0,0.0,0.0,0.0,-0.6434449999999999
14.0,0.0,0.0,0.0,0.0,0.0,-0.50153
15.0,0.0,0.0,0.0,0.0,0.0,-0.49068999999999996
16.0,0.0,0.0,0.0,0.0,0.0,-0.54898
17.0,7.0,0.2,0.0,0.0,1.1401754250991376,-0.41252
18.0,0.0,0.0,0.0,0.0,0.0,-0.41903
19.0,0.0,0.0,0.0,0.0,0.0,-0.38006
20.0,8.0,0.8,0.0,0.0,2.177154105707724,-0.46062
21.0,0.0,0.0,0.0,0.0,0.0,-0.266005
22.0,6.0,0.3,0.0,0.0,1.3076696830622028,-0.27531500000000003
23.0,62.0,27.84,22.5,0.0,18.801446752843248,3.14126
24.0,6.0,0.54,0.0,0.0,1.7170905625505024,-0.4128
25.0,0.0,0.0,0.0,0.0,0.0,-0.39371999999999996
26.0,0.0,0.0,0.0,0.0,0.0,0.08756
27.0,0.0,0.0,0.0,0.0,0.0,-0.5394300000000001
28.0,0.0,0.0,0.0,0.0,0.0,-0.49357
29.0,62.0,41.91,44.0,10.0,16.033150033602258,2.215415
30.0,0.0,0.0,0.0,0.0,0.0,-0.385275
31.0,0.0,0.0,0.0,0.0,0.0,-0.380515
32.0,0.0,0.0,0.0,0.0,0.0,-0.23178
33.0,0.0,0.0,0.0,0.0,0.0,0.19917
34.0,0.0,0.0,0.0,0.0,0.0,-0.555805
35.0,0.0,0.0,0.0,0.0,0.0,-0.38261
36.0,0.0,0.0,0.0,0.0,0.0,-0.32845
37.0,7.0,0.33,0.0,0.0,1.4426018161641139,-0.35604
38.0,0.0,0.0,0.0,0.0,0.0,-0.03633
39.0,0.0,0.0,0.0,0.0,0.0,-0.16738499999999998
40.0,0.0,0.0,0.0,0.0,0.0,-0.44719
41.0,0.0,0.0,0.0,0.0,0.0,-0.49200000000000005
42.0,7.0,0.49,0.0,0.0,1.664301655349774,-0.007955000000000005
43.0,0.0,0.0,0.0,0.0,0.0,-0.5277
44.0,6.0,0.06,0.0,0.0,0.5969924622639721,-0.19927
45.0,0.0,0.0,0.0,0.0,0.0,-0.373225
46.0,62.0,36.26,36.0,7.0,20.55705231787865,1.860625
47.0,0.0,0.0,0.0,0.0,0.0,-0.66092
48.0,0.0,0.0,0.0,0.0,0.0,-0.34676
49.0,0.0,0.0,0.0,0.0,0.0,-0.3671100000000001
50.0,0.0,0.0,0.0,0.0,0.0,-0.39113000000000003
51.0,0.0,0.0,0.0,0.0,0.0,-0.42701000000000006
52.0,59.0,23.05,15.5,0.0,17.11220324797482,2.70197
53.0,6.0,0.3,0.0,0.0,1.3076696830622028,-0.61453
54.0,0.0,0.0,0.0,0.0,0.0,-0.5825199999999999
55.0,0.0,0.0,0.0,0.0,0.0,-0.30881
56.0,62.0,25.02,17.5,6.0,18.231280810738447,2.349945
57.0,62.0,35.81,35.5,7.0,18.121641757854057,1.70097
58.0,0.0,0.0,0.0,0.0,0.0,-0.27616999999999997
59.0,0.0,0.0,0.0,0.0,0.0,-0.366825
60.0,48.0,14.16,10.0,0.0,12.445657877348228,2.6677150000000003
61.0,0.0,0.0,0.0,0.0,0.0,-0.07593
62.0,0.0,0.0,0.0,0.0,0.0,-0.44492
63.0,0.0,0.0,0.0,0.0,0.0,-0.31336
64.0,0.0,0.0,0.0,0.0,0.0,-0.24209499999999998
65.0,0.0,0.0,0.0,0.0,0.0,-0.179475
66.0,0.0,0.0,0.0,0.0,0.0,-0.42851000000000006
67.0,25.0,5.58,6.0,0.0,6.367385648757266,-0.340905
68.0,0.0,0.0,0.0,0.0,0.0,-0.247665
69.0,0.0,0.0,0.0,0.0,0.0,-0.3745
70.0,59.0,21.35,16.5,0.0,14.815110529456067,2.2454099999999997
71.0,0.0,0.0,0.0,0.0,0.0,-0.44135
72.0,18.0,3.62,0.0,0.0,4.623375390339834,-0.577145
73.0,0.0,0.0,0.0,0.0,0.0,-0.40431999999999996
74.0,0.0,0.0,0.0,0.0,0.0,-0.430845
75.0,0.0,0.0,0.0,0.0,0.0,-0.42458500000000005
76.0,62.0,30.62,26.0,6.0,19.32706910009896,3.1974
77.0,0.0,0.0,0.0,0.0,0.0,-0.5743
78.0,0.0,0.0,0.0,0.0,0.0,-0.54728
79.0,0.0,0.0,0.0,0.0,0.0,-0.306075
80.0,62.0,32.38,30.5,7.0,19.488858355480957,2.420615
81.0,0.0,0.0,0.0,0.0,0.0,-0.32711999999999997
82.0,0.0,0.0,0.0,0.0,0.0,-0.47526
83.0,0.0,0.0,0.0,0.0,0.0,-0.6040449999999999
84.0,0.0,0.0,0.0,0.0,0.0,-0.46488999999999997
85.0,0.0,0.0,0.0,0.0,0.0,-0.6372800000000001
86.0,0.0,0.0,0.0,0.0,0.0,-0.19482
87.0,62.0,40.87,46.5,9.0,18.74441516825745,2.0030099999999997
88.0,61.0,24.96,19.5,0.0,16.514187839551784,2.7791349999999997
89.0,0.0,0.0,0.0,0.0,0.0,-0.44198999999999994
90.0,0.0,0.0,0.0,0.0,0.0,-0.6447
91.0,7.0,0.31,0.0,0.0,1.3542156401400778,-0.43354499999999996
92.0,0.0,0.0,0.0,0.0,0.0,-0.369395
93.0,0.0,0.0,0.0,0.0,0.0,-0.23469
94.0,0.0,0.0,0.0,0.0,0.0,-0.447865
95.0,0.0,0.0,0.0,0.0,0.0,-0.38404
96.0,0.0,0.0,0.0,0.0,0.0,-0.43945
97.0,0.0,0.0,0.0,0.0,0.0,-0.496245
98.0,0.0,0.0,0.0,0.0,0.0,-0.43298000000000003
99.0,62.0,42.76,47.5,11.0,16.559057944218928,1.252685
100.0,6.0,0.06,0.0,0.0,0.5969924622639718,-0.39515
101.0,0.0,0.0,0.0,0.0,0.0,-0.39960999999999997
102.0,0.0,0.0,0.0,0.0,0.0,-0.58809
103.0,0.0,0.0,0.0,0.0,0.0,-0.26456
104.0,0.0,0.0,0.0,0.0,0.0,-0.45561
105.0,12.0,3.69,0.0,0.0,4.314382922272894,-0.7876449999999999
106.0,7.0,0.37,0.0,0.0,1.4673445403176442,-0.4556
107.0,61.0,23.86,17.0,0.0,16.972342207250005,3.33664
108.0,0.0,0.0,0.0,0.0,0.0,-0.36841
109.0,0.0,0.0,0.0,0.0,0.0,-0.6302449999999999
110.0,0.0,0.0,0.0,0.0,0.0,-0.22189
111.0,62.0,36.45,36.0,7.0,19.50044871278607,2.24166
112.0,0.0,0.0,0.0,0.0,0.0,-0.374865
113.0,0.0,0.0,0.0,0.0,0.0,-0.54409
114.0,14.0,2.19,0.0,0.0,3.809711275149339,-0.07974500000000001
115.0,0.0,0.0,0.0,0.0,0.0,0.77875
116.0,0.0,0.0,0.0,0.0,0.0,-0.37708
117.0,0.0,0.0,0.0,0.0,0.0,-0.411275
118.0,6.0,0.06,0.0,0.0,0.596992462263972,-0.35406
119.0,0.0,0.0,0.0,0.0,0.0,-0.407315
120.0,0.0,0.0,0.0,0.0,0.0,-0.35844000000000004
121.0,62.0,41.2,44.0,9.0,16.792260121853758,1.3053700000000001
122.0,0.0,0.0,0.0,0.0,0.0,0.5722050000000001
123.0,0.0,0.0,0.0,0.0,0.0,-0.479895
124.0,0.0,0.0,0.0,0.0,0.0,-0.401235
125.0,0.0,0.0,0.0,0.0,0.0,-0.27021999999999996
126.0,0.0,0.0,0.0,0.0,0.0,-0.560705
127.0,0.0,0.0,0.0,0.0,0.0,-0.5747399999999999
128.0,11.0,4.05,6.0,0.0,3.970831147253683,1.28826
129.0,0.0,0.0,0.0,0.0,0.0,-0.3479
130.0,0.0,0.0,0.0,0.0,0.0,-0.59506
131.0,62.0,30.14,25.0,0.0,20.612142052683414,2.64246
132.0,0.0,0.0,0.0,0.0,0.0,-0.260125
133.0,0.0,0.0,0.0,0.0,0.0,-0.44385
134.0,62.0,40.68,47.5,8.0,18.813760921198078,1.92084
135.0,0.0,0.0,0.0,0.0,0.0,-0.40931
136.0,0.0,0.0,0.0,0.0,0.0,-0.29763
137.0,11.0,2.37,0.0,0.0,3.7353848529970772,-0.31063
138.0,7.0,0.82,0.0,0.0,2.127815781499893,-0.46111
139.0,0.0,0.0,0.0,0.0,0.0,-0.51493
140.0,0.0,0.0,0.0,0.0,0.0,-0.5504199999999999
141.0,7.0,0.13,0.0,0.0,0.9127431182978046,-0.504985
142.0,0.0,0.0,0.0,0.0,0.0,-0.451445
143.0,0.0,0.0,0.0,0.0,0.0,-0.12763
144.0,7.0,0.26,0.0,0.0,1.277654100294755,-0.42015
145.0,0.0,0.0,0.0,0.0,0.0,-0.12519
146.0,11.0,4.01,6.0,0.0,3.922996303847353,0.974485
147.0,0.0,0.0,0.0,0.0,0.0,-0.31329
148.0,11.0,1.32,0.0,0.0,2.9895819105687673,-0.366345
149.0,0.0,0.0,0.0,0.0,0.0,-0.334985
150.0,7.0,0.86,0.0,0.0,2.135509306933594,-0.9673200000000001
151.0,0.0,0.0,0.0,0.0,0.0,-0.37203
152.0,0.0,0.0,0.0,0.0,0.0,-0.48618999999999996
153.0,0.0,0.0,0.0,0.0,0.0,-0.41968
154.0,0.0,0.0,0.0,0.0,0.0,-0.39344
155.0,6.0,0.12,0.0,0.0,0.8399999999999999,-0.49118999999999996
156.0,6.0,0.12,0.0,0.0,0.8399999999999999,-0.45831000000000005
157.0,0.0,0.0,0.0,0.0,0.0,-0.24608000000000002
158.0,7.0,0.32,0.0,0.0,1.3991425945914162,-0.91836
159.0,0.0,0.0,0.0,0.0,0.0,-0.246115
160.0,0.0,0.0,0.0,0.0,0.0,-0.2184
161.0,0.0,0.0,0.0,0.0,0.0,-0.31482
162.0,0.0,0.0,0.0,0.0,0.0,-0.48981
163.0,0.0,0.0,0.0,0.0,0.0,-0.27310999999999996
164.0,0.0,0.0,0.0,0.0,0.0,-0.49768
165.0,0.0,0.0,0.0,0.0,0.0,-0.1627
166.0,8.0,2.2,0.0,0.0,3.159113799786263,2.19107
167.0,0.0,0.0,0.0,0.0,0.0,-0.18182
168.0,62.0,37.52,40.0,7.0,18.267172742381344,2.4126000000000003
169.0,0.0,0.0,0.0,0.0,0.0,-0.35969
170.0,0.0,0.0,0.0,0.0,0.0,-0.231235
171.0,21.0,4.86,6.0,0.0,5.592888341456496,0.002855
172.0,0.0,0.0,0.0,0.0,0.0,-0.24251
173.0,62.0,40.86,41.0,10.0,15.842992141637891,2.15909
174.0,6.0,0.06,0.0,0.0,0.596992462263972,-0.56477
175.0,8.0,1.43,0.0,0.0,2.793760906018981,-0.12552
176.0,0.0,0.0,0.0,0.0,0.0,-0.5059100000000001
177.0,0.0,0.0,0.0,0.0,0.0,-0.20199
178.0,0.0,0.0,0.0,0.0,0.0,-0.43075
179.0,6.0,0.3,0.0,0.0,1.3076696830622025,-0.652175
180.0,0.0,0.0,0.0,0.0,0.0,-0.34580999999999995
181.0,0.0,0.0,0.0,0.0,0.0,-0.42192
182.0,0.0,0.0,0.0,0.0,0.0,-0.4494
183.0,0.0,0.0,0.0,0.0,0.0,-0.42233000000000004
184.0,0.0,0.0,0.0,0.0,0.0,-0.31204
185.0,6.0,0.18,0.0,0.0,1.0235233265539194,-0.23936999999999997
186.0,12.0,3.33,0.0,0.0,4.298964991716029,-0.4313050000000001
187.0,0.0,0.0,0.0,0.0,0.0,0.164725
188.0,6.0,0.06,0.0,0.0,0.596992462263972,-0.25522500000000004
189.0,0.0,0.0,0.0,0.0,0.0,-0.02544
190.0,0.0,0.0,0.0,0.0,0.0,-0.26787
191.0,0.0,0.0,0.0,0.0,0.0,-0.330275
192.0,0.0,0.0,0.0,0.0,0.0,-0.40210500000000005
193.0,62.0,39.82,43.5,8.0,17.808076819241318,2.4849200000000002
194.0,0.0,0.0,0.0,0.0,0.0,-0.35602
195.0,62.0,47.3,50.0,19.0,12.156891049935423,2.25449
196.0,62.0,36.45,36.0,7.0,19.50044871278607,2.81979
197.0,12.0,3.53,0.0,0.0,4.421436418179052,0.28436
198.0,0.0,0.0,0.0,0.0,0.0,-0.43299
199.0,0.0,0.0,0.0,0.0,0.0,-0.41623999999999994
200.0,8.0,0.4,0.0,0.0,1.5937377450509222,-0.393395
201.0,0.0,0.0,0.0,0.0,0.0,-0.275825
202.0,10.0,1.92,0.0,0.0,3.2332027465038444,-0.30193000000000003
203.0,0.0,0.0,0.0,0.0,0.0,-0.384875
204.0,21.0,3.58,0.0,0.0,5.337002904252536,-0.423375
205.0,0.0,0.0,0.0,0.0,0.0,-0.32099
206.0,56.0,16.52,10.0,0.0,13.677338922465877,1.00952
207.0,0.0,0.0,0.0,0.0,0.0,-0.44551
208.0,0.0,0.0,0.0,0.0,0.0,-0.41358
209.0,0.0,0.0,0.0,0.0,0.0,-0.42521499999999995
210.0,0.0,0.0,0.0,0.0,0.0,-0.33251
211.0,6.0,0.18,0.0,0.0,1.0235233265539192,-0.81199
212.0,7.0,0.85,0.0,0.0,2.108909670896314,-0.59847
213.0,8.0,1.56,0.0,0.0,2.7904121559368247,0.90066
214.0,0.0,0.0,0.0,0.0,0.0,0.35544000000000003
215.0,0.0,0.0,0.0,0.0,0.0,-0.422745
216.0,0.0,0.0,0.0,0.0,0.0,-0.40971
217.0,6.0,0.24,0.0,0.0,1.1757550765359257,-0.29124
218.0,0.0,0.0,0.0,0.0,0.0,-0.181115
219.0,0.0,0.0,0.0,0.0,0.0,-0.62031
220.0,0.0,0.0,0.0,0.0,0.0,-0.4931
221.0,0.0,0.0,0.0,0.0,0.0,-0.6147549999999999
222.0,0.0,0.0,0.0,0.0,0.0,-0.23881
223.0,11.0,3.57,0.0,0.0,3.99563511847616,1.32605
224.0,0.0,0.0,0.0,0.0,0.0,-0.27751000000000003
225.0,0.0,0.0,0.0,0.0,0.0,-0.46648999999999996
226.0,0.0,0.0,0.0,0.0,0.0,-0.31561500000000003
227.0,8.0,0.82,0.0,0.0,2.237766743876582,-0.499155
228.0,0.0,0.0,0.0,0.0,0.0,-0.17343499999999998
229.0,6.0,0.06,0.0,0.0,0.5969924622639718,-0.6316299999999999
230.0,0.0,0.0,0.0,0.0,0.0,-0.37001
231.0,62.0,40.68,47.5,8.0,18.813760921198078,1.80585
232.0,0.0,0.0,0.0,0.0,0.0,-0.38755
233.0,0.0,0.0,0.0,0.0,0.0,-0.22832
234.0,0.0,0.0,0.0,0.0,0.0,-0.68306
235.0,62.0,40.89,41.0,8.0,15.954243949495067,2.968225
236.0,0.0,0.0,0.0,0.0,0.0,-0.38766
237.0,0.0,0.0,0.0,0.0,0.0,-0.47738
238.0,0.0,0.0,0.0,0.0,0.0,-0.0885
239.0,0.0,0.0,0.0,0.0,0.0,-0.43495500000000004
240.0,0.0,0.0,0.0,0.0,0.0,-0.3978
241.0,0.0,0.0,0.0,0.0,0.0,-0.255355
242.0,0.0,0.0,0.0,0.0,0.0,-0.59136
243.0,0.0,0.0,0.0,0.0,0.0,-0.38467
244.0,62.0,29.42,22.0,0.0,20.082918114656547,2.1284799999999997
245.0,0.0,0.0,0.0,0.0,0.0,-0.36239
246.0,8.0,0.47,0.0,0.0,1.7231076576929252,-0.455855
247.0,0.0,0.0,0.0,0.0,0.0,-0.34507
248.0,0.0,0.0,0.0,0.0,0.0,-0.6298699999999999
249.0,6.0,0.3,0.0,0.0,1.307669683062202,-0.46531000000000006
250.0,0.0,0.0,0.0,0.0,0.0,-0.44
251.0,54.0,15.88,11.0,0.0,13.64278563930402,-0.20526
252.0,13.0,2.84,0.0,0.0,3.9133617261888785,-0.23926999999999998
253.0,11.0,3.73,0.0,0.0,4.0245620879792625,-0.007940000000000001
254.0,0.0,0.0,0.0,0.0,0.0,-0.06602999999999999
255.0,0.0,0.0,0.0,0.0,0.0,-0.5099600000000001
256.0,0.0,0.0,0.0,0.0,0.0,-0.24099
257.0,0.0,0.0,0.0,0.0,0.0,-0.187745
258.0,29.0,6.61,6.0,0.0,6.943911001733822,2.50211
259.0,0.0,0.0,0.0,0.0,0.0,-0.24344000000000002
260.0,7.0,0.64,0.0,0.0,1.9262398604535214,-0.774805
261.0,0.0,0.0,0.0,0.0,0.0,-0.631775
262.0,0.0,0.0,0.0,0.0,0.0,-0.36801999999999996
263.0,0.0,0.0,0.0,0.0,0.0,-0.23793000000000003
264.0,62.0,27.53,19.0,7.0,19.153305197798108,2.350095
265.0,0.0,0.0,0.0,0.0,0.0,-0.52447
266.0,7.0,0.8,0.0,0.0,2.073644135332772,-0.5514399999999999
267.0,0.0,0.0,0.0,0.0,0.0,-0.4207300000000001
268.0,8.0,0.41,0.0,0.0,1.6315330214249417,-0.37288000000000004
269.0,0.0,0.0,0.0,0.0,0.0,-0.59495
270.0,12.0,2.02,0.0,0.0,3.6769008689384055,-0.40326999999999996
271.0,0.0,0.0,0.0,0.0,0.0,-0.35731
272.0,0.0,0.0,0.0,0.0,0.0,-0.580585
273.0,0.0,0.0,0.0,0.0,0.0,-0.4158
274.0,0.0,0.0,0.0,0.0,0.0,-0.49233000000000005
275.0,0.0,0.0,0.0,0.0,0.0,-0.43692
276.0,28.0,6.45,6.5,0.0,6.0371764923679345,0.01353
277.0,6.0,0.12,0.0,0.0,0.8400000000000001,-0.543945
278.0,6.0,0.12,0.0,0.0,0.8400000000000001,-0.49890500000000004
279.0,0.0,0.0,0.0,0.0,0.0,-0.35218
280.0,0.0,0.0,0.0,0.0,0.0,-0.39716
281.0,0.0,0.0,0.0,0.0,0.0,-0.332315
282.0,0.0,0.0,0.0,0.0,0.0,-0.4342200000000001
283.0,0.0,0.0,0.0,0.0,0.0,-0.22707
284.0,0.0,0.0,0.0,0.0,0.0,-0.33247
285.0,0.0,0.0,0.0,0.0,0.0,-0.50067
286.0,0.0,0.0,0.0,0.0,0.0,-0.39013000000000003
287.0,0.0,0.0,0.0,0.0,0.0,-0.32089500000000004
288.0,0.0,0.0,0.0,0.0,0.0,-0.43148500000000006
289.0,6.0,0.06,0.0,0.0,0.5969924622639718,-0.35488000000000003
290.0,0.0,0.0,0.0,0.0,0.0,-0.338035
291.0,22.0,3.6,0.0,0.0,5.304714883949938,-0.429205
292.0,0.0,0.0,0.0,0.0,0.0,-0.36339
293.0,0.0,0.0,0.0,0.0,0.0,0.70122
294.0,6.0,0.48,0.0,0.0,1.6277591959500641,-0.03547
295.0,0.0,0.0,0.0,0.0,0.0,-0.5322100000000001
296.0,0.0,0.0,0.0,0.0,0.0,-0.538205
297.0,18.0,6.71,7.0,0.0,4.425596005059658,0.9596049999999999
298.0,0.0,0.0,0.0,0.0,0.0,-0.16349999999999998
299.0,0.0,0.0,0.0,0.0,0.0,-0.37711
300.0,0.0,0.0,0.0,0.0,0.0,-0.3192
301.0,0.0,0.0,0.0,0.0,0.0,-0.24661999999999998
302.0,18.0,3.55,0.0,0.0,4.71884519771522,0.302255
303.0,62.0,38.64,40.0,8.0,17.372115587918472,2.3196700000000003
304.0,0.0,0.0,0.0,0.0,0.0,-0.44288
305.0,0.0,0.0,0.0,0.0,0.0,-0.291075
306.0,0.0,0.0,0.0,0.0,0.0,-0.47963
307.0,0.0,0.0,0.0,0.0,0.0,-0.46091000000000004
308.0,62.0,30.11,24.5,6.0,19.92580989571064,0.43183
309.0,0.0,0.0,0.0,0.0,0.0,-1.05928
310.0,40.0,7.37,6.5,0.0,8.144513490688071,-0.15471500000000002
311.0,0.0,0.0,0.0,0.0,0.0,-0.42186
312.0,0.0,0.0,0.0,0.0,0.0,-0.43099
313.0,0.0,0.0,0.0,0.0,0.0,-0.17455
314.0,0.0,0.0,0.0,0.0,0.0,-0.47908999999999996
315.0,6.0,0.06,0.0,0.0,0.596992462263972,-0.42116499999999996
316.0,0.0,0.0,0.0,0.0,0.0,-0.58023
317.0,0.0,0.0,0.0,0.0,0.0,-0.49840500000000004
318.0,0.0,0.0,0.0,0.0,0.0,-0.61488
319.0,0.0,0.0,0.0,0.0,0.0,-0.39554
320.0,0.0,0.0,0.0,0.0,0.0,-0.568465
321.0,59.0,20.02,13.0,0.0,16.2456024819026,0.40299
322.0,0.0,0.0,0.0,0.0,0.0,-0.525015
323.0,0.0,0.0,0.0,0.0,0.0,-0.5166149999999999
324.0,6.0,0.06,0.0,0.0,0.5969924622639718,-0.44001999999999997
325.0,7.0,0.84,0.0,0.0,2.1804586673450155,-0.32385
326.0,7.0,0.25,0.0,0.0,1.2278029157808674,-0.334285
327.0,0.0,0.0,0.0,0.0,0.0,-0.2405
328.0,0.0,0.0,0.0,0.0,0.0,-0.2294
329.0,62.0,33.32,31.0,7.0,19.729612261775443,2.76322
330.0,0.0,0.0,0.0,0.0,0.0,-0.27321999999999996
331.0,0.0,0.0,0.0,0.0,0.0,-0.39614
332.0,0.0,0.0,0.0,0.0,0.0,-0.4299
333.0,0.0,0.0,0.0,0.0,0.0,-0.50936
334.0,0.0,0.0,0.0,0.0,0.0,-0.5570350000000001
335.0,0.0,0.0,0.0,0.0,0.0,-0.45419
336.0,8.0,1.44,0.0,0.0,2.7251421981247153,0.57939
337.0,12.0,3.06,0.0,0.0,4.342395652171736,-0.333785
338.0,0.0,0.0,0.0,0.0,0.0,-0.314345
339.0,6.0,0.48,0.0,0.0,1.6277591959500641,-0.34575
340.0,0.0,0.0,0.0,0.0,0.0,-0.34319
341.0,0.0,0.0,0.0,0.0,0.0,-0.382225
342.0,11.0,3.6,0.0,0.0,4.037325847637271,-0.368925
343.0,0.0,0.0,0.0,0.0,0.0,-0.13848
344.0,7.0,0.57,0.0,0.0,1.8179933993279513,-0.036539999999999996
345.0,0.0,0.0,0.0,0.0,0.0,-0.27234
346.0,0.0,0.0,0.0,0.0,0.0,-0.46763000000000005
347.0,0.0,0.0,0.0,0.0,0.0,-0.59597
348.0,6.0,0.18,0.0,0.0,1.0235233265539194,-0.56284
349.0,0.0,0.0,0.0,0.0,0.0,-0.44
350.0,0.0,0.0,0.0,0.0,0.0,-0.27731500000000003
351.0,0.0,0.0,0.0,0.0,0.0,0.067665
352.0,0.0,0.0,0.0,0.0,0.0,-0.6461049999999999
353.0,0.0,0.0,0.0,0.0,0.0,-0.45333999999999997
354.0,0.0,0.0,0.0,0.0,0.0,-0.111515
355.0,62.0,28.03,21.0,0.0,19.37134739763861,0.4399
356.0,0.0,0.0,0.0,0.0,0.0,-0.54481
357.0,0.0,0.0,0.0,0.0,0.0,-0.51741
358.0,0.0,0.0,0.0,0.0,0.0,-0.50881
359.0,0.0,0.0,0.0,0.0,0.0,-0.44018999999999997
360.0,6.0,0.06,0.0,0.0,0.5969924622639718,-0.54981
361.0,0.0,0.0,0.0,0.0,0.0,-0.32879
362.0,0.0,0.0,0.0,0.0,0.0,-0.5657949999999999
363.0,0.0,0.0,0.0,0.0,0.0,-0.318705
364.0,6.0,0.18,0.0,0.0,1.023523326553919,-0.16721
365.0,11.0,2.87,0.0,0.0,3.933586150067137,-1.0489350000000002
366.0,0.0,0.0,0.0,0.0,0.0,-0.328025
367.0,0.0,0.0,0.0,0.0,0.0,-0.38121
368.0,61.0,21.89,15.0,0.0,16.67866601380338,0.73583
369.0,0.0,0.0,0.0,0.0,0.0,-0.3549
370.0,7.0,0.2,0.0,0.0,1.140175425099138,-0.30396
371.0,0.0,0.0,0.0,0.0,0.0,-0.441275
372.0,0.0,0.0,0.0,0.0,0.0,-0.4404
373.0,31.0,9.56,8.0,0.0,5.980501651199504,1.062415
374.0,0.0,0.0,0.0,0.0,0.0,-0.447555
375.0,61.0,18.17,10.0,0.0,17.827537687521513,0.92205
376.0,0.0,0.0,0.0,0.0,0.0,-0.432935
377.0,0.0,0.0,0.0,0.0,0.0,-0.394385
378.0,0.0,0.0,0.0,0.0,0.0,-0.21552
379.0,0.0,0.0,0.0,0.0,0.0,-0.46644
380.0,0.0,0.0,0.0,0.0,0.0,-0.10305
381.0,62.0,36.93,36.5,8.0,19.112956338567827,2.5563599999999997
382.0,0.0,0.0,0.0,0.0,0.0,-0.398665
383.0,62.0,19.3,11.0,0.0,17.93571855265353,4.46392
384.0,0.0,0.0,0.0,0.0,0.0,-0.5451199999999999
385.0,7.0,0.68,0.0,0.0,2.043917806566595,-0.5038400000000001
386.0,0.0,0.0,0.0,0.0,0.0,-0.65856
387.0,0.0,0.0,0.0,0.0,0.0,-0.208475
388.0,0.0,0.0,0.0,0.0,0.0,-0.34955
389.0,6.0,0.06,0.0,0.0,0.596992462263972,-0.6504049999999999
390.0,62.0,40.68,47.5,8.0,18.813760921198078,2.3567150000000003
391.0,0.0,0.0,0.0,0.0,0.0,-0.33183
392.0,0.0,0.0,0.0,0.0,0.0,-0.398055
393.0,12.0,4.74,6.0,0.0,4.286303768983249,0.82452
394.0,11.0,3.57,0.0,0.0,3.99563511847616,1.354425
395.0,0.0,0.0,0.0,0.0,0.0,-0.39188
396.0,6.0,0.72,0.0,0.0,1.9497692171126304,-0.322915
397.0,0.0,0.0,0.0,0.0,0.0,-0.5965
398.0,0.0,0.0,0.0,0.0,0.0,-0.3239
399.0,0.0,0.0,0.0,0.0,0.0,0.014819999999999998
400.0,0.0,0.0,0.0,0.0,0.0,-0.34700000000000003
401.0,62.0,32.14,29.0,6.0,19.544318867640282,1.40751
402.0,62.0,38.08,40.0,8.0,17.792515280308177,1.5958299999999999
403.0,0.0,0.0,0.0,0.0,0.0,-0.46381999999999995
404.0,0.0,0.0,0.0,0.0,0.0,-0.49018
405.0,0.0,0.0,0.0,0.0,0.0,-0.53891
406.0,9.0,0.69,0.0,0.0,2.207691101581016,-0.325885
407.0,0.0,0.0,0.0,0.0,0.0,-0.52488
408.0,0.0,0.0,0.0,0.0,0.0,-0.503285
409.0,0.0,0.0,0.0,0.0,0.0,-0.35113
410.0,6.0,0.3,0.0,0.0,1.3076696830622023,-0.420465
411.0,62.0,29.77,24.5,6.0,20.44644467872104,2.154725
412.0,7.0,0.51,0.0,0.0,1.7349063375294933,-0.32582
413.0,11.0,2.41,0.0,0.0,3.7897097514189655,-0.49692
414.0,0.0,0.0,0.0,0.0,0.0,-0.42302
415.0,0.0,0.0,0.0,0.0,0.0,-0.290605
416.0,0.0,0.0,0.0,0.0,0.0,-0.44763500000000006
417.0,62.0,37.52,40.0,7.0,18.267172742381344,2.0418000000000003
418.0,0.0,0.0,0.0,0.0,0.0,-0.466925
419.0,62.0,44.09,47.5,11.0,15.278151066146714,2.475315
420.0,8.0,1.18,0.0,0.0,2.5313237643572974,-0.39845
421.0,0.0,0.0,0.0,0.0,0.0,-0.482365
422.0,0.0,0.0,0.0,0.0,0.0,-0.5611349999999999
423.0,48.0,16.36,10.5,0.0,12.769902113955299,1.60997
424.0,62.0,44.87,50.0,11.0,15.618998047250024,2.8979350000000004
425.0,0.0,0.0,0.0,0.0,0.0,-0.38999
426.0,0.0,0.0,0.0,0.0,0.0,-0.19768
427.0,0.0,0.0,0.0,0.0,0.0,1.17187
428.0,0.0,0.0,0.0,0.0,0.0,-0.53615
429.0,0.0,0.0,0.0,0.0,0.0,-0.40229499999999996
430.0,6.0,0.12,0.0,0.0,0.84,-0.6273599999999999
431.0,0.0,0.0,0.0,0.0,0.0,-0.30592
432.0,0.0,0.0,0.0,0.0,0.0,-0.407585
433.0,0.0,0.0,0.0,0.0,0.0,-0.28935500000000003
434.0,11.0,2.59,0.0,0.0,3.870645940925107,-0.9725600000000001
435.0,0.0,0.0,0.0,0.0,0.0,-0.44131000000000004
436.0,0.0,0.0,0.0,0.0,0.0,-0.415155
437.0,0.0,0.0,0.0,0.0,0.0,-0.19954000000000002
438.0,11.0,2.35,0.0,0.0,3.782525611281437,-0.206655
439.0,8.0,2.2,0.0,0.0,3.159113799786263,-0.44176000000000004
440.0,0.0,0.0,0.0,0.0,0.0,-0.43531000000000003
441.0,0.0,0.0,0.0,0.0,0.0,-0.20395
442.0,0.0,0.0,0.0,0.0,0.0,-0.5574100000000001
443.0,62.0,36.22,35.5,8.0,17.46229080046487,2.7150350000000003
444.0,0.0,0.0,0.0,0.0,0.0,-0.230185
445.0,0.0,0.0,0.0,0.0,0.0,-0.49445500000000003
446.0,0.0,0.0,0.0,0.0,0.0,-0.33651
447.0,6.0,0.12,0.0,0.0,0.84,-0.25624
448.0,0.0,0.0,0.0,0.0,0.0,-0.48465
449.0,0.0,0.0,0.0,0.0,0.0,-0.475155
450.0,7.0,0.07,0.0,0.0,0.6964912059746339,-0.409035
451.0,0.0,0.0,0.0,0.0,0.0,-0.46056499999999995
452.0,0.0,0.0,0.0,0.0,0.0,-0.17944000000000002
453.0,0.0,0.0,0.0,0.0,0.0,-0.27360999999999996
454.0,0.0,0.0,0.0,0.0,0.0,-0.330225
455.0,0.0,0.0,0.0,0.0,0.0,-0.36557
456.0,0.0,0.0,0.0,0.0,0.0,-0.29715
457.0,0.0,0.0,0.0,0.0,0.0,-0.4232
458.0,0.0,0.0,0.0,0.0,0.0,-0.308775
459.0,8.0,0.8,0.0,0.0,2.181742422927143,-0.024985
460.0,62.0,33.88,31.5,7.0,18.829381296261435,1.780695
461.0,62.0,29.42,22.0,0.0,20.082918114656547,2.547345
462.0,0.0,0.0,0.0,0.0,0.0,-0.522915
463.0,0.0,0.0,0.0,0.0,0.0,-0.40975
464.0,14.0,3.86,0.0,0.0,4.438513264596604,-0.316415
465.0,0.0,0.0,0.0,0.0,0.0,-0.50576
466.0,0.0,0.0,0.0,0.0,0.0,-0.10028
467.0,7.0,0.93,0.0,0.0,2.311947231231717,0.12370999999999999
468.0,7.0,0.62,0.0,0.0,1.8642961138188323,-0.5723550000000001
469.0,0.0,0.0,0.0,0.0,0.0,-0.42667
470.0,0.0,0.0,0.0,0.0,0.0,-0.45228
471.0,0.0,0.0,0.0,0.0,0.0,-0.602765
472.0,0.0,0.0,0.0,0.0,0.0,-0.07872
473.0,0.0,0.0,0.0,0.0,0.0,-0.180235
474.0,6.0,0.18,0.0,0.0,1.0235233265539194,-0.5195350000000001
475.0,0.0,0.0,0.0,0.0,0.0,-0.413445
476.0,6.0,0.12,0.0,0.0,0.8400000000000001,-0.44463
477.0,61.0,24.96,19.5,0.0,16.514187839551784,-0.04091
478.0,0.0,0.0,0.0,0.0,0.0,-0.39664
479.0,0.0,0.0,0.0,0.0,0.0,-0.6496350000000001
480.0,11.0,2.11,0.0,0.0,3.566216482492335,-0.41096000000000005
481.0,61.0,21.89,15.0,0.0,16.67866601380338,2.432185
482.0,0.0,0.0,0.0,0.0,0.0,-0.25738
483.0,0.0,0.0,0.0,0.0,0.0,-0.369555
484.0,0.0,0.0,0.0,0.0,0.0,-0.5654950000000001
485.0,0.0,0.0,0.0,0.0,0.0,-0.29723
486.0,0.0,0.0,0.0,0.0,0.0,-0.14447000000000002
487.0,0.0,0.0,0.0,0.0,0.0,-0.38766999999999996
488.0,0.0,0.0,0.0,0.0,0.0,-0.52431
489.0,0.0,0.0,0.0,0.0,0.0,-0.388025
490.0,8.0,2.2,0.0,0.0,3.159113799786263,0.32809
491.0,0.0,0.0,0.0,0.0,0.0,-0.27855
492.0,0.0,0.0,0.0,0.0,0.0,-0.31016
